name,communityId
1003013947,4228
1003019902,4238
1003031261,4228
1003050972,4238
1003063314,4238
1003071333,2536
1003075862,2796
1003077728,4238
1003090424,4228
1003098963,4238
1003101684,4220
1003112277,2796
1003113200,4239
1003149147,4238
1003153743,4239
1003168287,4233
1003198359,2796
1003202292,4239
1003224155,4241
1003801788,4228
1003802042,4228
1003811696,4232
1003813593,4228
1003815697,4228
1003815978,4228
1003819277,4233
1003819772,4239
1003833872,4230
1003854258,2796
1003855537,4232
1003858267,4230
1003860982,4228
1003862566,4233
1003876236,4228
1003897380,4228
1003903121,4239
1003903139,4238
1003905969,4233
1003906751,4241
1003908435,4238
1003910712,4239
1003922881,4220
1003990110,4238
1003991167,4238
1013004142,4238
1013009448,4238
1013013234,4220
1013042910,4233
1013064153,4232
1013064831,4228
1013064989,4238
1013067156,4233
1013071984,4233
1013079383,4232
1013107697,4238
1013118082,4238
1013118090,4238
1013178383,4228
1013179860,4239
1013184340,4233
1013201649,4238
1013226026,4228
1013233279,4239
1013233865,4233
1013273044,4233
1013312974,4232
1013313626,4233
1013348705,2796
1013386929,4241
1013391622,4228
1013453729,4238
1013902782,4228
1013905322,4233
1013908730,4233
1013920735,4241
1013928506,4238
1013957976,4233
1013958776,2796
1013961473,2796
1013962687,2796
1013964741,2536
1013973387,4228
1013991850,4228
1013992106,4228
1013996222,4239
1023000999,4228
1023004041,4233
1023004264,4228
1023009818,4233
1023046554,4233
1023046794,4230
1023046901,4238
1023055126,4228
1023065232,4233
1023069887,4238
1023076882,2796
1023078243,2796
1023094851,4228
1023099074,4241
1023100435,4238
1023103462,4228
1023105137,4238
1023105145,4238
1023105152,4238
1023165909,4238
1023192135,4238
1023205531,4233
1023220753,4238
1023251428,4228
1023252566,4238
1023253549,4228
1023262466,4238
1023295664,4233
1023307022,4238
1023312444,4238
1023337979,4220
1023343910,4228
1023351848,4238
1023434248,4239
1023434438,4238
1023452331,4220
1023454592,4233
1033100763,4232
1033103551,4239
1033144647,4233
1033168059,4238
1033184320,4239
1033187810,2796
1033190954,4228
1033206149,4238
1033206156,4238
1033215157,4228
1033225073,4220
1033227764,4233
1033230404,4238
1033246640,4232
1033293147,4238
1033293154,4238
1033297429,4220
1033311196,4238
1033311360,4238
1033313127,4239
1033316484,4239
1033323159,4228
1033326335,4238
1033391008,4233
1033459672,4230
1033472592,4239
1033482393,4238
1033488432,4239
1033532585,4228
1033542980,4220
1033570015,4228
1033590526,4239
1043205008,4228
1043206329,4220
1043206386,4233
1043217854,4228
1043218654,4228
1043219165,4228
1043220320,4238
1043226293,4238
1043229495,4238
1043232879,4233
1043250186,4239
1043253537,4238
1043281710,2796
1043288509,4232
1043294747,4239
1043296262,4233
1043296890,4238
1043299464,4239
1043300288,4233
1043302466,4238
1043318157,4228
1043319486,4238
1043326127,4228
1043351471,2796
1043394166,4238
1043411564,4238
1043451073,4238
1043453632,4232
1043475288,4220
1043480676,4220
1043481369,4228
1043484447,4220
1043522311,4228
1043576689,4233
1043614175,4233
1043615644,4241
1043629561,4238
1043663719,4228
1043671647,4228
1043755986,4238
1053303248,4228
1053306175,4228
1053308502,4232
1053309492,2796
1053310961,4228
1053314963,4233
1053317685,4239
1053322818,4238
1053335984,4233
1053337717,4228
1053343251,4238
1053349100,4238
1053350074,2796
1053350215,4228
1053366369,4239
1053380881,2536
1053382648,2796
1053390682,4232
1053394916,4228
1053406405,4228
1053408567,4228
1053421941,4228
1053425181,4241
1053452482,4238
1053453795,4239
1053468926,4238
1053470062,4228
1053495168,4238
1053519785,4228
1053521997,4238
1053559187,4238
1053608364,4228
1053631705,4238
1053638148,4232
1053639195,4238
1053663716,4233
1053679951,4228
1053719682,4228
1053760595,4233
1063403434,4233
1063407351,4228
1063407534,4230
1063415131,4230
1063416436,4228
1063445641,4238
1063449031,4232
1063449627,4220
1063452399,4233
1063452902,4233
1063458255,4233
1063462315,4238
1063467876,4228
1063483568,4239
1063485274,4228
1063485373,4233
1063487551,4228
1063502037,2796
1063506921,4239
1063520666,2536
1063525665,4238
1063528651,4233
1063596161,4238
1063665198,4238
1063671832,4228
1063673622,4228
1063704773,4238
1063730059,4228
1063739480,4228
1063742229,4228
1063774537,4228
1063829323,4228
1063831097,2536
1063864775,4232
1063884138,4228
1063956589,4239
1063965168,4233
1073050209,4238
1073065702,4238
1073505830,4233
1073509097,4233
1073516001,4230
1073516340,4233
1073518734,2536
1073524906,2796
1073537072,4239
1073547402,4228
1073549176,4238
1073553608,4238
1073556023,4233
1073557831,4228
1073559753,4228
1073566212,4220
1073566626,2796
1073581922,4233
1073591467,4233
1073600102,4238
1073605499,4238
1073606000,4238
1073607784,4238
1073612412,4238
1073627170,4238
1073633780,4232
1073664280,4233
1073697181,4238
1073727301,4228
1073733093,4233
1073741211,4228
1073742250,4241
1073773982,4233
1073775706,4228
1073777470,4238
1073779930,4232
1073791612,4238
1073797502,4238
1073808747,4238
1073856696,4228
1073873972,4228
1073892451,4228
1073905774,4220
1073912168,4238
1073919619,4228
1073921011,4238
1083028286,4228
1083033476,4238
1083033609,4238
1083601397,4232
1083606248,4233
1083609481,4228
1083610547,4230
1083611651,4233
1083614044,2796
1083615934,4228
1083616387,4233
1083648604,4238
1083659163,4228
1083660518,4230
1083661730,4228
1083665962,4239
1083668594,4232
1083686513,4233
1083687305,4239
1083701106,4238
1083703540,4228
1083706402,4238
1083710172,4220
1083712939,4238
1083713424,4238
1083715031,4228
1083737589,2796
1083796320,4238
1083798193,4238
1083841993,4238
1083859730,4238
1083865976,4228
1083871164,4238
1083890941,4238
1083905822,4228
1083941769,4238
1093017584,4238
1093028599,4238
1093030660,4238
1093045130,4233
1093046054,4238
1093051427,4238
1093058018,4228
1093159444,4228
1093170318,4238
1093189409,4238
1093255648,4228
1093706962,4228
1093716748,4238
1093718272,4230
1093738536,2796
1093742736,2796
1093745721,4238
1093750564,4228
1093753303,4228
1093753626,4220
1093753840,4228
1093754327,4220
1093791063,4233
1093800104,4238
1093802126,4238
1093807422,4238
1093808107,4238
1093809857,4228
1093814428,4238
1093818981,4238
1093830176,4228
1093887606,4220
1093931628,4220
1104020684,4238
1104025329,4238
1104027184,4228
1104031053,4238
1104033265,4233
1104043082,4239
1104064088,4238
1104083757,4233
1104137215,4241
1104138908,4241
1104142314,4228
1104155332,4238
1104183235,4238
1104185826,4232
1104238153,4233
1104269067,4233
1104378538,4239
1104802271,4228
1104804145,2536
1104812478,4239
1104812551,4228
1104817667,4228
1104817907,4233
1104818269,4233
1104818889,4228
1104820760,4233
1104823616,4228
1104825769,4232
1104829340,4228
1104836741,4239
1104837327,4241
1104839083,4238
1104859115,2796
1104861624,4233
1104862234,4238
1104863554,4233
1104871029,4239
1104875459,4239
1104879352,4233
1104879774,2796
1104890003,4239
1104897164,4220
1104905694,4228
1104911387,4238
1104912013,4238
1104933738,4239
1104951177,4238
1104973080,4228
1104973924,4228
1104989581,4233
1114001229,4233
1114004983,4233
1114019528,4232
1114019536,4238
1114019833,4220
1114020336,4228
1114023355,4238
1114026549,4238
1114062197,2796
1114065398,4220
1114074085,4239
1114074093,4238
1114085834,4241
1114101128,4228
1114101300,4228
1114104494,4233
1114121712,4220
1114151479,4238
1114164787,4228
1114174547,4238
1114191731,4238
1114216033,4238
1114243789,4228
1114247848,4238
1114257391,4228
1114271376,2796
1114283876,4228
1114321023,2796
1114914900,4230
1114916095,4239
1114927936,4228
1114953080,2796
1114956687,2796
1114960622,4230
1114961513,4228
1114961596,4228
1114966355,4228
1114966835,4233
1114967023,4238
1114967353,4239
1114967684,4232
1114969383,4230
1114974979,4228
1114979184,4220
1114997038,4228
1124003504,4228
1124003561,2796
1124004593,4238
1124005145,4228
1124007919,4228
1124007984,4239
1124012950,4232
1124014501,4228
1124020011,4239
1124024344,4239
1124025192,4233
1124032255,4233
1124043880,4239
1124061676,2796
1124065362,4228
1124065420,4239
1124066683,4233
1124067533,4233
1124069836,4228
1124073473,2796
1124083720,4228
1124096904,2796
1124097126,4239
1124098777,4238
1124102249,4238
1124108279,4228
1124115241,4238
1124115258,4238
1124135280,4238
1124139456,4238
1124145636,4238
1124150016,4241
1124175096,4238
1124175914,4239
1124175922,4228
1124175948,4232
1124219969,4238
1124222609,4238
1124226477,4233
1124226501,4239
1124238951,2796
1124242508,4238
1124246681,4220
1124261920,4239
1124262175,4228
1124292081,4238
1124323449,4238
1124323894,4238
1124345814,4238
1124370630,4238
1124381371,4220
1124387709,4238
1124466107,4239
1124467451,4233
1124474663,4228
1124491584,4238
1124578687,4233
1134102304,4233
1134103831,4228
1134114630,4238
1134117690,2796
1134121130,4228
1134122310,4238
1134128739,4238
1134145204,4228
1134154461,4239
1134158462,4228
1134162134,4228
1134163694,4228
1134168982,4239
1134178171,4233
1134186042,4228
1134191067,4238
1134203243,4238
1134211543,4238
1134211550,4232
1134216245,4238
1134225089,2796
1134267008,4232
1134321235,4233
1134324544,4220
1134325947,4233
1134337983,4232
1134346323,4233
1134351133,4230
1134355647,4220
1134357718,4228
1134377922,4233
1134410129,4239
1134410608,4238
1134418676,4238
1134451412,4228
1134486467,4238
1134497407,4228
1134509706,4241
1134534142,4233
1134545197,4238
1134557481,4233
1134592884,4238
1144205519,4233
1144211830,4233
1144214701,4230
1144216482,4220
1144216516,4238
1144220310,4233
1144220450,4238
1144222035,4228
1144223223,4233
1144224981,4233
1144227778,4230
1144237751,4220
1144248865,4238
1144259631,4239
1144264458,4232
1144267279,4228
1144273061,2796
1144274416,2796
1144283896,4228
1144285099,4233
1144288747,4241
1144290529,4232
1144299108,4233
1144305152,4233
1144309121,4228
1144311580,4228
1144312554,4238
1144312562,4238
1144377003,4238
1144377011,4238
1144377029,4238
1144377946,4238
1144377953,4238
1144381450,4220
1144383738,4239
1144409830,4233
1144411323,4238
1144412958,4239
1144413956,4233
1144464843,4238
1144469826,4238
1144475708,4238
1144502337,2796
1144544719,4232
1144556168,4233
1144565441,4233
1144582081,4228
1144585654,4228
1144587205,4238
1144588690,4238
1144618133,4239
1144625963,4238
1144664376,4228
1144668286,4220
1144772153,4233
1154303592,4238
1154311413,4238
1154312908,4233
1154313302,4239
1154313708,4228
1154320513,4228
1154324325,4239
1154339737,4238
1154342046,4228
1154344836,4220
1154350759,4238
1154359289,4238
1154359602,4238
1154365518,4228
1154366409,4233
1154376259,4233
1154380723,4241
1154386035,4239
1154392918,2796
1154394344,4233
1154398105,4220
1154413573,4238
1154418267,4238
1154420594,4238
1154425361,4220
1154436590,4238
1154478956,4238
1154478964,4238
1154491207,4228
1154501443,4220
1154512275,4238
1154534923,2796
1154560555,4228
1154576825,4239
1154596732,2796
1154597458,4238
1154615508,4228
1154625580,4238
1154637288,4238
1154647188,4233
1154692960,4232
1154699338,4238
1154728467,4233
1154747889,4241
1154790335,4238
1154863298,4228
1164404315,4238
1164426979,4233
1164457867,4238
1164461315,4233
1164468906,4238
1164485272,4238
1164490488,4241
1164504544,4228
1164506275,4238
1164519294,4238
1164579967,4232
1164590386,2796
1164598876,4239
1164609475,4233
1164628368,4238
1164637369,4238
1164659496,4228
1164659512,4228
1164659801,4238
1164693008,4238
1164718144,4238
1164765798,4239
1164787750,4239
1164827218,4241
1164829057,4238
1164832648,2796
1164852315,4233
1164862124,4238
1164884029,4233
1164979753,4228
1174500425,4239
1174500896,4239
1174509566,4233
1174515316,4233
1174517593,4238
1174522718,4238
1174526065,4238
1174533772,4238
1174537294,2796
1174543516,4228
1174555072,4233
1174556492,4233
1174558571,4228
1174561989,4238
1174564314,4239
1174565543,4233
1174572796,4220
1174574214,4228
1174576599,4228
1174577696,2796
1174580286,4228
1174584403,4233
1174593271,4233
1174602700,4228
1174615504,4238
1174615595,4238
1174622500,4232
1174664296,4228
1174669998,4241
1174670046,4238
1174670962,4238
1174676076,4238
1174702351,4228
1174718480,2796
1174727655,4238
1174730386,4238
1174736912,4238
1174789929,2796
1174826911,4238
1174889117,4228
1174930911,4228
1174971253,4239
1184032138,4233
1184048795,2796
1184067654,4239
1184069429,4233
1184075715,4239
1184602757,4228
1184603839,4230
1184606519,4241
1184612921,4239
1184615809,4233
1184617441,4238
1184619124,4241
1184620460,4228
1184640336,4241
1184646929,2796
1184650145,4233
1184654246,4238
1184657272,4238
1184663494,4233
1184677346,4220
1184697898,4228
1184711293,4238
1184716508,4238
1184716516,4238
1184734030,4228
1184751745,4220
1184787574,4233
1184812133,4238
1184867541,4238
1184867939,4220
1184885923,4238
1184887655,4239
1184914129,4233
1184920886,4238
1184928186,4228
1184949752,4228
1184982209,4228
1184989154,4228
1194001677,4233
1194013615,2796
1194016667,4238
1194018531,2796
1194019034,4232
1194020529,4220
1194021352,4239
1194040535,4238
1194051987,4238
1194058537,4220
1194061291,4230
1194127902,4228
1194275016,4238
1194701391,4239
1194704411,4220
1194710889,4228
1194711291,4239
1194711671,4232
1194716514,4238
1194716662,4232
1194722132,4233
1194724864,4228
1194741488,4238
1194743914,4233
1194751354,4233
1194779462,2796
1194782029,4241
1194794040,4239
1194794172,4228
1194795104,4233
1194806323,4232
1194809202,4238
1194812214,4238
1194812297,4238
1194817502,4238
1194828764,4238
1194841452,4239
1194872051,4233
1194875179,4239
1194887570,4228
1194891515,2796
1194899468,4241
1194902452,4238
1194954586,4238
1194967380,4228
1194968057,4238
1194969196,4238
1194987867,4238
1205002227,4239
1205030780,4238
1205060381,4238
1205070851,4233
1205080504,4230
1205108792,4228
1205131539,4239
1205155850,4241
1205175023,4228
1205209665,4238
1205209681,4238
1205221884,4220
1205231479,4238
1205264553,4228
1205273893,4238
1205369113,4238
1205809027,4228
1205814746,4241
1205819695,4238
1205825866,4228
1205826526,4239
1205827987,4232
1205830015,2796
1205834777,4228
1205839263,4233
1205871472,4238
1205878220,4230
1205878402,2796
1205879467,4239
1205879640,4220
1205910312,4238
1205923323,4228
1205923331,4238
1205937836,4220
1205945045,4238
1205945300,2796
1205954443,4238
1205978012,4228
1205978152,2796
1205983186,4238
1215017330,4238
1215025895,4239
1215028899,4228
1215029624,4238
1215029632,4238
1215029897,4220
1215036645,4238
1215036652,4238
1215064852,4220
1215073796,4228
1215076807,4238
1215084108,4238
1215091129,4238
1215105895,4232
1215145669,4238
1215152236,4238
1215155288,4238
1215158175,4228
1215193255,4238
1215206719,4220
1215211677,4239
1215212592,4238
1215216890,4233
1215253208,4238
1215257670,4241
1215295084,4228
1215298013,4238
1215308572,4233
1215317383,4239
1215377932,2796
1215483466,4233
1215900980,4238
1215902796,4228
1215908868,4239
1215914569,4228
1215915871,4238
1215916838,4220
1215922711,4239
1215923875,4228
1215926126,4238
1215926860,2796
1215926886,2796
1215930466,4230
1215931928,4238
1215966726,4238
1215971858,4228
1215973581,4238
1215976527,4233
1215982566,2796
1215986781,4238
1215995972,4241
1215998612,4233
1225013535,4228
1225016546,4238
1225020563,4232
1225023914,4228
1225024243,4233
1225027014,4239
1225028012,4232
1225029994,4233
1225031073,4233
1225039290,4241
1225042740,4228
1225060791,4228
1225061500,4241
1225064181,4228
1225070337,4228
1225071046,4228
1225078561,4233
1225079007,4228
1225089097,4238
1225099377,4238
1225120637,4238
1225120645,4238
1225120926,4228
1225125354,4232
1225159890,4238
1225178676,4241
1225179658,4238
1225203540,4233
1225226327,4228
1225231772,4238
1225259831,4238
1225269103,4238
1225274822,4238
1225279433,4238
1225309271,4238
1225312119,4238
1225323462,4233
1225329634,4238
1225331937,2796
1225336027,4238
1225347636,4238
1225364474,4239
1225364748,4228
1225384209,4220
1225389547,4220
1225421142,4228
1225470057,2796
1225494891,4228
1225575426,4238
1235101791,4228
1235101809,4239
1235103490,4228
1235109463,4233
1235121179,4239
1235129610,4228
1235136722,4233
1235136730,4233
1235137183,4238
1235154683,2796
1235157652,4238
1235159468,4238
1235163528,4230
1235167388,4238
1235171596,4239
1235172164,4238
1235172800,2796
1235182429,4233
1235196395,4232
1235202003,4238
1235213349,4238
1235213356,4238
1235215518,4239
1235218710,4228
1235218728,4228
1235221656,4238
1235235086,2796
1235238676,4238
1235241860,4238
1235242181,4228
1235308305,4228
1235357062,4233
1235378423,4228
1235400912,4238
1235419904,4228
1235458183,4241
1235468943,4238
1235502857,4238
1235681404,4220
1245203355,4239
1245208115,4238
1245208602,4220
1245210632,4239
1245213370,4233
1245214899,4228
1245215649,4239
1245222397,4233
1245225564,4228
1245225937,4228
1245226554,4228
1245231141,4238
1245237148,4233
1245237635,4233
1245238476,4239
1245239128,4238
1245267723,4238
1245270529,4239
1245270743,4239
1245271808,4220
1245274778,4228
1245275593,4233
1245283837,2796
1245300391,4228
1245303924,4238
1245309335,4232
1245313741,4228
1245316561,4232
1245317932,4239
1245322668,4238
1245325422,4228
1245325661,4228
1245327352,4238
1245327378,4238
1245334333,4233
1245368943,4239
1245387109,2796
1245393545,4233
1245405661,4233
1245425057,4238
1245449982,4228
1245503135,4220
1245520436,4238
1245523117,4238
1245529577,4238
1245541846,4238
1245556554,4238
1245570084,4239
1245576818,4238
1245596394,4238
1245604255,4228
1245630425,4228
1245663665,4233
1245774702,4238
1255301800,4228
1255316238,4233
1255318051,4228
1255323721,4220
1255324281,4239
1255326146,4238
1255334322,4220
1255355277,4228
1255368767,4233
1255370029,4233
1255372587,4238
1255383766,4241
1255385902,2796
1255389623,4238
1255400362,4228
1255421954,4233
1255423679,4238
1255428355,4238
1255428363,4238
1255428389,4238
1255437471,2796
1255488052,4232
1255488128,4238
1255526380,4239
1255535746,4233
1255548665,4238
1255564753,4238
1255571279,4238
1255574919,4238
1255575320,4238
1255576500,4239
1255579652,4228
1255605036,2536
1255624433,4238
1255638474,4228
1255657557,4238
1255658969,4238
1255672960,4239
1255674594,4239
1255691978,4233
1255718524,4238
1255785762,4238
1265406284,4232
1265419725,4228
1265420988,2796
1265423099,4233
1265426050,4228
1265427157,4238
1265427553,4228
1265432348,4228
1265433916,4220
1265437875,4228
1265439244,4233
1265440416,4233
1265445506,4232
1265449490,4228
1265455091,4228
1265464499,4228
1265465959,4233
1265469936,2796
1265476790,4228
1265477210,4238
1265479844,4228
1265487193,4228
1265490833,4228
1265495303,4239
1265497788,4228
1265502819,2796
1265504575,4238
1265516371,4238
1265524680,4238
1265529309,4238
1265529382,4238
1265530117,4238
1265531602,4238
1265551295,4238
1265553234,4238
1265556674,4228
1265556898,4239
1265571186,4238
1265579338,4238
1265587992,4239
1265589139,4233
1265599518,4241
1265602999,2796
1265606255,4228
1265616494,4238
1265621635,4220
1265633242,4238
1265636757,4232
1265669683,4228
1265694913,4232
1265729958,4230
1265739536,4238
1265741946,4230
1265750921,4238
1265753339,4220
1265761043,4228
1265787295,4241
1265791867,4238
1265809305,4220
1265812267,4233
1265849301,4230
1265875553,4233
1265892723,4233
1265897177,4239
1265899769,4228
1265987374,4233
1275504433,4232
1275515223,2796
1275524936,4233
1275528770,4228
1275531949,4228
1275536468,4239
1275546061,4238
1275571150,4228
1275577728,4228
1275586646,2796
1275591042,4238
1275594053,4233
1275597262,4233
1275620312,4238
1275620379,4238
1275625691,4238
1275629966,4228
1275631129,4238
1275632606,4238
1275646119,4228
1275660144,4228
1275680134,4233
1275707929,4241
1275714958,2796
1275767261,4238
1275774051,4228
1275793283,4228
1275828089,2796
1275844508,4238
1275871600,4228
1275888992,4239
1275933319,2796
1275938110,4228
1275955346,4233
1275959678,4228
1275976110,4230
1275997876,4238
1285033472,4238
1285038992,4228
1285054015,4233
1285062729,4239
1285099630,2796
1285600452,4241
1285604454,4233
1285615278,4239
1285617332,4238
1285625731,4233
1285625814,4233
1285627398,4233
1285627406,2796
1285629527,4238
1285634824,4238
1285657726,4239
1285662148,4228
1285674333,2536
1285674465,2796
1285676080,4233
1285676247,4233
1285682211,4228
1285688457,2796
1285695171,4228
1285716944,4238
1285718395,4238
1285721316,4238
1285721381,4238
1285721399,4238
1285723718,4228
1285726695,4238
1285730416,2796
1285732131,4238
1285733618,4238
1285754135,2796
1285781088,4238
1285781161,4238
1285797811,4233
1285809947,4220
1285843896,4241
1285862482,4233
1285872580,2796
1285894394,4228
1285920108,4233
1285936013,4228
1285950006,4220
1285964460,4228
1295029601,4230
1295033215,2536
1295046068,4238
1295052934,2796
1295053114,4238
1295091148,4238
1295093615,4238
1295120491,4238
1295128734,4238
1295128957,4239
1295169548,4232
1295700110,4233
1295706257,4239
1295720605,2796
1295733772,4238
1295733962,4230
1295736940,4220
1295738326,4233
1295742831,4238
1295762789,4238
1295770915,4233
1295775781,4239
1295780476,4228
1295782167,2796
1295814853,4228
1295822328,4238
1295826535,4238
1295834620,4238
1295856623,4238
1295882165,4238
1295918688,4238
1295919041,4239
1295930816,4238
1295936276,4238
1295937696,4233
1295952505,4220
1295979342,4232
1306010749,4238
1306027040,4230
1306034467,4239
1306037775,4233
1306040894,4238
1306053939,4233
1306092960,4239
1306111497,4220
1306113345,4233
1306131891,4238
1306159181,4228
1306167010,4239
1306238464,4228
1306243431,4238
1306254222,4228
1306275946,4238
1306287131,4238
1306394044,4238
1306819792,4228
1306819834,4238
1306825211,4228
1306827605,4228
1306828942,4238
1306831284,4228
1306832753,4232
1306834700,2796
1306841424,4233
1306844071,4228
1306849377,4230
1306862669,4228
1306884150,4238
1306889597,4241
1306891262,4233
1306896519,4238
1306920426,4238
1306925508,4233
1306936802,4238
1306950514,4241
1306953435,4238
1306969696,4239
1306987730,4238
1306993282,4228
1316029218,4238
1316029226,4233
1316034424,4238
1316034440,4238
1316039720,4238
1316039738,4238
1316050487,4232
1316050586,4220
1316051659,4238
1316054133,4220
1316075849,4238
1316094204,4233
1316094279,4238
1316096373,4238
1316101249,4238
1316111727,4239
1316112634,4238
1316142573,4233
1316148893,4238
1316155757,2796
1316160468,4238
1316176233,4239
1316190184,4238
1316204423,4228
1316206337,4230
1316236086,4233
1316282346,4228
1316324593,4228
1316343890,4233
1316386931,4230
1316902703,4238
1316921166,4228
1316933955,4228
1316934813,4232
1316935604,4233
1316937915,4238
1316940471,4228
1316942469,4228
1316944648,4239
1316949191,4220
1316961410,4230
1316974678,4239
1316975485,4238
1316977812,4228
1316977861,4239
1316980352,4233
1316983695,4238
1316985120,4233
1316987654,4233
1326016759,2796
1326018946,4233
1326022039,4233
1326023789,4228
1326033218,4238
1326036625,4233
1326041922,4238
1326046673,4228
1326047119,4239
1326048844,4230
1326050170,4228
1326056839,4228
1326057167,4241
1326081290,4238
1326081787,4228
1326083601,4233
1326086653,4233
1326093345,4241
1326101924,4220
1326106527,4238
1326115577,4228
1326120700,4228
1326122433,4238
1326130733,4238
1326130741,4238
1326135435,4238
1326135443,4238
1326135450,4238
1326144536,2796
1326149907,4232
1326205212,4238
1326211665,4238
1326214438,4238
1326235219,4232
1326242199,4228
1326242975,4228
1326276676,4238
1326335001,4238
1326370867,4228
1326578634,4230
1326590506,2796
1336102755,4238
1336124874,4238
1336126358,4228
1336126887,4239
1336127638,4228
1336134501,4228
1336142363,4228
1336144245,4220
1336146042,4233
1336147685,4228
1336155530,4233
1336180280,4239
1336188457,4233
1336189521,4233
1336200385,4220
1336223452,4238
1336230424,4239
1336233683,4239
1336251842,4238
1336277300,4239
1336285873,4238
1336296136,4228
1336296144,4238
1336296169,4238
1336296292,4228
1336304286,4228
1336325653,4228
1336331719,4238
1336378058,4238
1336411313,4239
1336415819,4239
1336416189,4220
1336465228,2796
1336465699,4233
1336540475,4241
1336562479,4228
1346206893,4228
1346212602,2536
1346226503,4220
1346238656,2796
1346239498,4228
1346241130,4233
1346244324,4228
1346270014,4228
1346283975,4220
1346288966,4239
1346291952,4220
1346292257,4228
1346297371,4232
1346302155,4238
1346318433,4220
1346320330,4233
1346332756,4238
1346336385,4232
1346337458,4228
1346337482,4238
1346339710,4238
1346345154,4241
1346345881,4233
1346351194,4241
1346353299,4228
1346359460,4228
1346375003,4238
1346397130,4232
1346397155,4239
1346397205,4232
1346441326,4238
1346445665,2796
1346448032,4238
1346477221,4220
1346493038,4238
1346504529,4233
1346507423,4228
1346571411,4228
1346579562,4228
1346587946,4228
1346599206,4238
1346658028,4238
1346669777,4233
1346669819,4233
1346678125,4239
1356304984,4238
1356307722,4228
1356308779,4239
1356311831,4228
1356315063,2796
1356325237,4233
1356332068,4233
1356342018,4228
1356349963,4228
1356363444,4241
1356365928,4228
1356389597,4233
1356395990,4233
1356396717,4230
1356433783,4238
1356438469,2796
1356438493,4238
1356440796,4238
1356445712,4233
1356458384,4238
1356492342,4239
1356493944,4238
1356498224,4228
1356509202,4228
1356538904,4228
1356542336,4238
1356542369,4238
1356569941,4238
1356592778,2796
1356595839,4238
1356608517,4238
1356617567,2796
1356662506,4238
1356716831,4228
1356786669,4220
1366403230,4232
1366420424,2796
1366421497,4233
1366429151,4228
1366429813,4228
1366430001,2796
1366431710,4238
1366441891,4238
1366443285,4239
1366446171,4233
1366485328,4239
1366485997,4228
1366497273,4233
1366499261,4241
1366510794,4228
1366521924,4230
1366526469,4238
1366541302,4228
1366541799,4238
1366548471,4220
1366559536,4238
1366571523,4239
1366576688,4239
1366584989,4238
1366599151,4238
1366599235,4233
1366599243,4220
1366603607,4238
1366625147,4238
1366642415,2796
1366645020,2796
1366656597,2796
1366685174,4238
1366687600,2796
1366733396,4228
1366736845,2536
1366763591,4228
1366777864,4220
1366786428,4232
1366817611,4239
1366996332,4238
1376506337,4228
1376508374,4220
1376522045,4238
1376538207,4228
1376538272,4228
1376540328,4233
1376544767,2796
1376546481,4233
1376548727,4238
1376556688,4238
1376566604,4238
1376570010,4238
1376577635,4238
1376580613,2796
1376585174,4233
1376594143,4233
1376595900,4233
1376607259,4238
1376616771,4239
1376618397,4228
1376630475,4238
1376630491,4238
1376635052,4220
1376635706,4238
1376635789,4238
1376637215,4239
1376660175,4228
1376662718,4232
1376671735,4238
1376679860,4238
1376690255,4238
1376690263,2796
1376697391,4233
1376719286,4233
1376728212,4228
1376747931,4239
1376751602,4239
1376752980,4228
1376756742,4228
1376768218,4228
1376809590,2796
1376855650,4233
1376897785,4233
1376928986,4233
1376957522,4228
1376962100,4238
1376965129,4220
1376979583,4232
1386061117,2796
1386095891,4239
1386600906,4220
1386605970,4238
1386606705,4238
1386608768,4232
1386615540,4228
1386616167,4233
1386629780,4238
1386632586,4230
1386635274,4233
1386639219,4228
1386639938,4238
1386641256,4232
1386663144,4232
1386664456,4228
1386664662,4238
1386672335,4233
1386677227,4239
1386678191,2796
1386683118,4233
1386683407,4228
1386686004,4238
1386686137,4233
1386689636,4233
1386691368,4228
1386698058,4220
1386707446,4228
1386710051,4220
1386729085,4220
1386731404,4238
1386731412,4238
1386734069,4238
1386736718,4238
1386736791,4238
1386766194,4238
1386791267,4238
1386820413,4228
1386820546,4232
1386829950,4239
1386848869,4233
1386868776,4228
1386878957,2796
1386881662,4233
1386884427,4233
1386894947,4233
1386901536,4228
1386948461,4228
1386961076,4228
1386968295,4238
1386988376,4238
1396011102,4238
1396031589,4230
1396046694,4233
1396061156,4238
1396070827,4238
1396099917,2796
1396112108,4238
1396118717,4233
1396166922,4228
1396284642,4238
1396707923,4228
1396713715,4232
1396715645,4239
1396721106,4228
1396723185,4233
1396724076,2536
1396725511,4228
1396729091,4228
1396737177,2796
1396739140,4228
1396749750,4228
1396751749,4241
1396753356,4232
1396784971,4233
1396788360,4238
1396788931,4232
1396799979,4233
1396814620,4228
1396817433,4238
1396829404,4233
1396832168,4238
1396832424,4238
1396840476,4239
1396848271,4228
1396851788,4228
1396857090,4238
1396882205,4238
1396894788,4228
1396906657,4228
1396909255,4233
1396910600,4228
1396932463,4228
1396946372,4238
1396965034,4238
1396967493,4228
1396976361,4238
1396984852,4238
1396988960,4228
1407001795,2796
1407008162,4238
1407033632,4238
1407036841,2796
1407037815,4238
1407038680,4233
1407040769,4232
1407045230,4230
1407048424,4238
1407057946,4238
1407090236,4239
1407141302,4220
1407141773,4220
1407167810,4238
1407202625,4233
1407234735,4238
1407251705,4238
1407256910,4238
1407290901,4233
1407397987,4228
1407399702,4238
1407823354,4239
1407827306,4238
1407830102,4228
1407833825,4228
1407836356,4239
1407838931,4238
1407841430,4239
1407845423,4233
1407847858,4238
1407851074,4228
1407853898,4232
1407864069,4228
1407869647,2796
1407875958,4238
1407880016,4233
1407888357,2796
1407890593,4228
1407892516,4228
1407896749,4233
1407903370,4238
1407935075,4228
1407943517,4238
1407948821,4238
1407963903,4233
1417004375,4238
1417011008,4239
1417031535,4238
1417041138,4238
1417044520,4238
1417046806,2796
1417049826,4238
1417049834,4238
1417056854,4238
1417071671,4238
1417091257,4228
1417091463,4232
1417101858,2796
1417131715,4228
1417169319,4228
1417190711,4238
1417191453,4238
1417228321,4238
1417283987,4228
1417291550,4238
1417325804,4220
1417326091,4238
1417327446,4228
1417367335,4238
1417382151,4239
1417403130,4228
1417903378,4228
1417919218,4228
1417930512,4233
1417938846,4239
1417943762,4238
1417946203,4228
1417948076,4238
1417949637,4233
1417951278,4233
1417951302,4232
1417952581,4228
1417956830,4233
1417957606,4233
1417957689,4233
1417958695,4233
1417964628,4228
1417970831,4238
1417973249,4232
1417981523,4238
1417983214,4233
1417986688,4228
1417990367,4228
1417992397,4228
1417993528,4238
1417996117,4239
1417997990,4238
1427008416,4239
1427021658,4238
1427023605,4228
1427023894,4239
1427028695,4233
1427040021,4239
1427043645,4228
1427045897,4228
1427046622,4228
1427051432,4233
1427052224,4233
1427055326,4228
1427057330,4241
1427059419,4230
1427066489,4228
1427072198,4238
1427073451,2796
1427074210,4228
1427079946,4228
1427091503,4228
1427096130,4230
1427098912,4239
1427105386,4238
1427132521,4228
1427132547,4238
1427145549,4238
1427157866,4238
1427162619,4239
1427180868,2796
1427210020,4238
1427224278,4238
1427249481,4220
1427251859,4232
1427252105,4238
1427252915,4238
1427315472,4238
1427329911,4233
1427334176,4233
1427379270,4238
1427381896,4232
1427454099,4228
1427466705,4238
1437101524,4228
1437102852,4238
1437107265,4239
1437116977,4238
1437121092,4239
1437122280,2796
1437133139,4233
1437136827,4228
1437138641,4228
1437144656,2536
1437147626,4239
1437154002,4228
1437156270,4233
1437161221,4238
1437178787,4228
1437186087,4233
1437186418,4238
1437206232,4238
1437206307,4238
1437206315,4228
1437206323,4238
1437217197,4230
1437233541,4238
1437241858,4238
1437241866,4238
1437246568,4238
1437260296,4238
1437273661,4239
1437297066,4238
1437305000,4238
1437316106,4220
1437337763,4238
1437339884,4239
1437392917,4233
1437437126,2796
1437441847,4228
1437478781,4238
1437503562,4238
1437554318,4239
1437556180,4238
1437574696,4239
1437602984,4228
1447201967,4233
1447204961,4233
1447212964,4228
1447229935,4228
1447234141,4228
1447242565,4228
1447245725,4228
1447256490,4239
1447257274,4233
1447268024,4228
1447284864,2796
1447287081,4233
1447288055,4232
1447296959,4239
1447299698,4233
1447307251,4239
1447307301,4238
1447331590,4238
1447342860,4238
1447347570,4238
1447347588,4238
1447358395,4238
1447359872,4238
1447366075,4239
1447367586,4238
1447382221,4220
1447391677,4238
1447419577,4241
1447421359,4233
1447440177,4233
1447448121,2796
1447471198,4238
1447494711,4238
1447510755,2796
1447522479,4233
1447571658,4239
1447577119,4238
1447585955,4228
1447625892,4239
1447639398,2796
1447649942,2796
1447708060,4241
1447794755,4228
1457305716,2796
1457306565,4233
1457310286,2796
1457317257,2796
1457318404,4228
1457323610,4228
1457330649,4228
1457339707,4238
1457346132,4228
1457348765,4232
1457351165,4228
1457355257,4233
1457389967,4228
1457391229,4232
1457428195,4241
1457430613,4220
1457435562,4238
1457437782,4232
1457439739,4228
1457443889,4238
1457448557,4228
1457448573,4238
1457449993,4241
1457455693,4232
1457465668,4241
1457471641,4220
1457505810,4232
1457524464,4228
1457529992,2796
1457552432,4238
1457555930,4228
1457573206,4238
1457588832,4238
1457628265,4233
1457635310,4238
1457642522,4238
1457671760,4228
1457689069,4238
1457753162,4233
1457773194,4238
1457782781,4239
1457795239,4239
1467406314,4220
1467418087,4220
1467418871,2796
1467423491,2796
1467426494,4233
1467427955,4238
1467428680,4220
1467442210,4230
1467447664,4228
1467456228,4233
1467459917,4228
1467470955,4238
1467482802,4230
1467483164,4239
1467491019,4228
1467491670,4238
1467494591,4233
1467498279,4239
1467506576,2536
1467509315,4239
1467526723,4230
1467544874,4238
1467545541,4241
1467549501,4238
1467549568,4238
1467549899,4238
1467558221,2796
1467559328,4238
1467563965,4233
1467596080,4238
1467601815,4238
1467604140,2536
1467645903,4230
1467660852,4238
1467692673,4228
1467694489,4239
1467704643,4233
1467711770,4228
1467744151,4238
1467752758,4238
1467763458,4239
1467768499,4238
1467771675,4238
1467775841,4228
1467779017,4238
1467859132,4233
1467870857,4238
1467876805,4238
1467882548,4238
1477505261,4233
1477511830,4233
1477534238,4238
1477535409,2796
1477537173,4239
1477546448,4238
1477548154,4228
1477548675,4228
1477549491,4233
1477582534,4238
1477595106,4238
1477595593,4228
1477598712,4233
1477614949,4238
1477640589,4238
1477640597,4238
1477647220,4238
1477708386,4238
1477738052,4228
1477754992,2796
1477787067,4233
1477845808,4238
1477916344,4233
1477960680,4228
1487021663,4239
1487039038,4238
1487041513,4228
1487066254,4238
1487076030,4233
1487076352,4228
1487096459,2796
1487189221,4238
1487600698,4228
1487608964,2796
1487609467,4239
1487632857,4233
1487635777,4228
1487638185,4228
1487644522,4228
1487651352,4232
1487672291,4232
1487674016,4239
1487680237,4232
1487698361,4238
1487701280,4238
1487710893,4238
1487717955,4238
1487723342,4239
1487726709,4220
1487734927,4239
1487738597,4238
1487741583,4228
1487749446,4232
1487757605,4238
1487778635,4239
1487780268,4233
1487787974,4228
1487788188,4228
1487815148,4228
1487816948,4228
1487828257,4238
1487844833,4238
1487854311,4228
1487860920,4238
1487881041,4238
1487888558,2796
1487897146,4238
1487897187,4232
1487903985,4220
1487916318,4233
1487920138,4228
1487947396,4238
1487952958,4239
1487955134,4238
1497001051,4239
1497015861,4239
1497023444,4238
1497028104,4238
1497045223,4230
1497056337,4232
1497070932,4238
1497126403,4238
1497153639,4238
1497164727,4238
1497175632,4233
1497198543,4238
1497709752,2796
1497714794,4238
1497718712,4228
1497721526,4232
1497730899,4238
1497732762,4220
1497738462,4232
1497739817,4233
1497749568,4228
1497752489,4228
1497757058,4238
1497758445,4230
1497772198,2796
1497785992,2796
1497789556,4233
1497791602,4228
1497793731,4233
1497795256,4239
1497795454,2796
1497802219,4238
1497802292,4238
1497802961,4228
1497839518,4238
1497847800,4238
1497850945,4238
1497893556,4228
1497982003,4228
1497998645,4238
1508008053,4220
1508024415,4238
1508039751,4238
1508060872,4238
1508064890,4220
1508139593,4233
1508155334,4238
1508162942,4228
1508171125,4241
1508271958,4228
1508285594,4239
1508804337,4233
1508805862,4233
1508809575,4239
1508821026,4232
1508830407,4228
1508838400,4239
1508839622,4238
1508853342,4228
1508854043,4228
1508862939,4228
1508863929,4233
1508863937,4232
1508884875,4228
1508890286,4233
1508892688,4233
1508913302,4238
1508914078,4238
1508916586,4239
1508935776,4239
1508940602,4238
1508953613,4238
1508969825,2796
1518014323,4228
1518039031,4238
1518041623,4238
1518041631,4238
1518054626,4238
1518059930,4238
1518066950,4238
1518068832,4238
1518078039,4232
1518122613,4233
1518126960,4238
1518138346,4238
1518143122,4232
1518143551,4238
1518155225,4238
1518161009,2536
1518178441,4233
1518198787,2536
1518201490,2796
1518264969,4220
1518328756,4228
1518335223,4241
1518360825,4228
1518360874,4241
1518412105,4230
1518914050,4228
1518918143,4220
1518919000,2796
1518919224,4233
1518945195,4238
1518946102,2536
1518952852,4228
1518958370,4238
1518959311,4238
1518976315,4239
1518984517,4228
1518988369,4239
1518992940,4238
1528005097,4230
1528005667,4233
1528009149,4239
1528014024,4238
1528022019,4228
1528025715,4238
1528030541,4228
1528030616,4228
1528034675,4238
1528038676,4228
1528045879,4239
1528046109,4238
1528048485,4239
1528050671,4233
1528051448,4228
1528058252,4230
1528061629,4228
1528065018,4233
1528090925,4241
1528105616,2796
1528109832,4238
1528115409,4233
1528115482,2536
1528122595,4238
1528155132,4232
1528155637,4238
1528155645,4238
1528155652,4238
1528155660,4238
1528174752,4238
1528203163,2796
1528205036,4232
1528212156,4238
1528250115,4220
1528271574,4228
1528286606,4233
1528295607,4238
1528319456,4228
1528321163,4238
1528340619,4230
1528354214,4238
1528361490,4233
1528404944,4233
1528420874,4238
1528452067,4239
1528466083,4228
1528487113,4233
1528487550,4238
1538103692,4233
1538104526,4228
1538105242,4228
1538107206,4220
1538109103,4233
1538110317,4233
1538112495,4233
1538112602,4233
1538114434,4239
1538123716,4238
1538132188,4233
1538146568,4228
1538147319,4228
1538148861,2796
1538150156,4233
1538150289,4233
1538153556,4220
1538155858,4238
1538157219,4232
1538158340,4238
1538166087,4233
1538172077,4228
1538189444,4238
1538216403,4220
1538243639,4238
1538243647,4238
1538256649,4238
1538256672,4238
1538268974,4238
1538275029,4239
1538302039,4228
1538305669,4233
1538324496,4233
1538327911,4238
1538360508,4238
1538363023,4233
1538370812,4239
1538385091,4228
1538463617,4228
1538480603,2796
1538488648,4238
1538527411,4220
1538527510,4238
1538566260,4238
1538590070,4239
1538615422,4220
1538617923,4220
1548202195,4228
1548225444,4220
1548227416,4228
1548245285,4220
1548247885,2796
1548249188,4232
1548251705,4241
1548259864,4228
1548260847,4228
1548275209,4238
1548302789,4239
1548317498,4232
1548339369,4238
1548344658,4238
1548352966,4238
1548352974,4238
1548355936,4239
1548357684,4232
1548366222,4241
1548369861,4238
1548378805,4232
1548395320,2796
1548425549,4238
1548430291,4233
1548437437,4238
1548447840,4233
1548457229,4233
1548460066,4238
1548464027,4238
1548478936,4232
1548485071,4232
1548517477,4239
1548557150,4220
1548571052,4239
1548604044,4233
1548605744,4233
1548632821,4238
1548663230,4239
1548704547,4233
1548715147,4233
1558306217,4238
1558306357,4241
1558309971,4233
1558310367,4220
1558315168,4233
1558343830,2796
1558345256,4239
1558348052,4238
1558353185,4228
1558355941,4239
1558357012,4232
1558359224,4238
1558361816,4232
1558384099,4228
1558386771,4241
1558408633,4238
1558418368,4238
1558418418,4233
1558420299,4238
1558424671,4228
1558445668,4238
1558448423,2796
1558458661,4238
1558458687,4238
1558461970,4228
1558479170,2796
1558515437,4238
1558538751,4238
1558541565,4228
1558559393,2796
1558565036,4228
1558565093,4238
1558570895,4238
1558592519,4238
1558607051,4238
1558620864,4238
1558648873,2796
1558652388,4238
1558653923,4220
1558671511,4238
1558680686,4228
1558682336,4238
1558697565,4238
1558723270,4239
1558739565,4233
1558780627,4238
1558796342,4228
1558797415,4239
1568406411,4233
1568406783,2796
1568410363,4228
1568415164,4228
1568416857,2796
1568417772,4233
1568435808,4228
1568448736,4239
1568453207,4228
1568455517,4220
1568459873,4241
1568460640,4228
1568461424,4232
1568464782,4238
1568465623,4238
1568466480,4241
1568492049,4228
1568493062,4228
1568513075,4241
1568519353,4238
1568530822,4238
1568531317,4238
1568546679,4238
1568549624,4230
1568551455,2536
1568559672,4238
1568559680,4238
1568559698,4238
1568568319,2796
1568576825,4241
1568584126,4238
1568597102,4233
1568623973,4232
1568629194,4239
1568663441,2536
1568697522,4238
1568699411,4220
1568701662,4239
1568736650,4239
1568776235,4228
1568784205,4233
1568788974,4238
1568856862,4228
1578501607,4220
1578501904,4228
1578503280,2796
1578510418,4228
1578513958,4239
1578523809,4228
1578528717,4232
1578530796,2536
1578531174,4220
1578531851,4220
1578533535,4228
1578541439,4220
1578544110,4220
1578550059,4232
1578551917,2796
1578557690,2796
1578567210,4233
1578597704,4232
1578597902,4228
1578604906,4233
1578610390,4238
1578610457,4228
1578615522,4239
1578621785,4241
1578639951,4228
1578644357,2796
1578647681,4238
1578650602,4238
1578650685,4238
1578655791,4238
1578665188,4228
1578670386,4228
1578677274,4228
1578692695,4228
1578696423,4239
1578706701,4239
1578728283,2536
1578761375,4238
1578766697,4228
1578769709,4238
1578781738,4228
1578790796,4238
1578820627,4228
1578857017,4220
1578873246,4238
1578882171,2796
1578903563,4241
1578928198,4238
1578961520,4238
1578983508,4239
1578998886,2796
1588047583,4233
1588117824,4228
1588197701,2796
1588606347,4233
1588618300,4238
1588621031,4228
1588632178,4241
1588646319,4238
1588655021,4233
1588655153,4233
1588655377,4228
1588656664,4241
1588662225,4233
1588662274,4228
1588664544,4233
1588684104,4239
1588684849,4220
1588691083,4228
1588694459,4228
1588738744,4239
1588760938,4220
1588777445,4220
1588779698,4228
1588788301,4228
1588789044,4233
1588807168,4238
1588807416,4233
1588807606,4233
1588816748,4230
1588822803,4238
1588856041,4220
1588861207,4239
1588868681,4228
1588899082,4228
1588899215,4238
1588928980,2796
1588984660,4228
1588986319,4238
1588998371,4239
1598021073,4233
1598035982,4238
1598054090,4238
1598057572,4228
1598059545,4228
1598069551,4233
1598083578,4228
1598084089,4238
1598158560,4241
1598179343,4238
1598194847,4230
1598213670,4220
1598710204,4233
1598718330,4241
1598719536,4233
1598723645,4228
1598728263,4233
1598735532,4233
1598736266,2796
1598743023,4239
1598743031,4239
1598745440,4238
1598749152,4228
1598750523,4238
1598750697,4228
1598751810,4220
1598753758,4228
1598758716,4238
1598764078,4232
1598773889,4220
1598784183,4233
1598791790,4232
1598792343,2796
1598812455,4233
1598833808,4238
1598852600,4228
1598852618,4238
1598862591,4233
1598863011,4238
1598871642,4233
1598887473,2796
1598901241,4241
1598908022,4239
1598917452,4230
1598926248,4232
1598938060,4238
1598973273,2796
1609011006,4238
1609014489,4228
1609047760,4233
1609052554,2536
1609073626,4241
1609079003,4238
1609083963,4238
1609088731,4238
1609107838,4238
1609127950,4228
1609138916,4238
1609142967,4239
1609188622,4238
1609189216,4228
1609218726,4239
1609231679,4220
1609233022,4233
1609302884,4228
1609318682,4220
1609327659,4228
1609810274,4241
1609824838,4238
1609831916,4228
1609838499,4228
1609840131,4228
1609844489,2796
1609844778,4228
1609848563,4232
1609848738,4233
1609860634,4238
1609862945,4239
1609873264,4228
1609878586,4233
1609898808,4233
1609935329,4228
1609950716,4238
1609952654,4238
1609963727,4238
1609968015,4238
1609968957,4228
1609969955,4232
1609970797,4233
1609981661,4238
1619004066,4238
1619026614,4220
1619062643,4238
1619064714,4238
1619064722,4238
1619064730,4238
1619064755,4238
1619065869,4233
1619069044,4238
1619075207,4233
1619160884,4238
1619171105,4238
1619171279,4228
1619171709,2796
1619192622,2536
1619199486,4238
1619253408,4238
1619254141,4233
1619269008,4233
1619271160,4239
1619291242,4239
1619295060,4232
1619295607,4233
1619332400,4239
1619335866,4220
1619343498,4233
1619385952,4241
1619392032,4233
1619392826,4238
1619393311,4238
1619397957,4220
1619399540,4228
1619904596,4233
1619906856,2796
1619914355,4238
1619916970,4233
1619918174,4238
1619936309,4233
1619945292,4241
1619956539,2796
1619959954,4238
1619964111,4232
1619969482,2796
1619978822,4228
1629005632,4238
1629025648,4233
1629025812,4241
1629040522,4239
1629052378,4233
1629060330,4228
1629063854,4228
1629068556,4238
1629073218,4232
1629080973,4238
1629082888,4238
1629094438,4239
1629116843,4220
1629130117,4238
1629146550,4233
1629150941,4220
1629152723,4238
1629160056,4238
1629165733,4238
1629165766,4238
1629176573,4238
1629177050,4238
1629182803,4239
1629202593,4228
1629212725,4228
1629221692,4241
1629236567,4238
1629236708,4228
1629249891,4233
1629285747,4228
1629321161,4238
1629337688,4241
1629349147,4220
1629393004,4233
1629397047,4238
1629421623,4228
1629465133,4220
1629489679,4228
1639103765,4238
1639107873,4228
1639112048,4228
1639113194,4239
1639113509,4228
1639116379,4228
1639125560,4230
1639140585,4233
1639147465,4228
1639149792,4233
1639151400,2796
1639155716,4238
1639169386,4228
1639180177,4238
1639180599,4238
1639186349,4233
1639199649,4238
1639201130,4233
1639226517,4238
1639226582,4228
1639249774,4228
1639261068,4238
1639263973,4238
1639266737,4238
1639266745,4238
1639275589,2796
1639278062,4238
1639290745,4238
1639311657,4238
1639314776,4233
1639343346,4238
1639344674,4238
1639360688,4238
1639362171,4238
1639374408,4239
1639400252,4238
1639403645,4228
1639470180,4238
1639477151,4238
1639490659,4238
1639497779,4230
1639499387,4239
1639547052,2796
1639565575,4238
1639579485,4220
1639598964,4238
1649206715,4228
1649212598,2536
1649215203,4233
1649218819,4233
1649219742,4233
1649225137,2796
1649226770,4232
1649256553,4233
1649262338,4233
1649263708,4228
1649271206,4241
1649271271,4233
1649274515,4233
1649278474,4233
1649292160,4220
1649293390,2796
1649320953,2796
1649327446,4238
1649327537,4238
1649333931,4233
1649340225,4220
1649362054,4238
1649362062,4238
1649367749,4238
1649367764,4238
1649367772,4238
1649368366,4238
1649373739,4239
1649386467,2796
1649407867,4238
1649426016,2796
1649432246,4228
1649471780,4239
1649480237,4230
1649481938,4233
1649532821,4233
1649533621,2796
1649566258,4233
1649576257,4228
1649584962,4241
1649655531,4220
1649718230,4233
1659314698,4239
1659331924,4228
1659336477,4239
1659342384,4233
1659362002,4238
1659370211,4232
1659375228,4233
1659425940,4238
1659428456,4238
1659428472,4238
1659428548,4239
1659460699,4238
1659463206,4220
1659463958,4233
1659466381,4238
1659469930,4238
1659473452,2796
1659474336,4238
1659508190,4238
1659514354,4238
1659514552,4238
1659530194,4238
1659532646,4238
1659541969,4220
1659568889,4220
1659588929,2796
1659592236,4228
1659594406,4233
1659606010,4233
1659606788,4233
1659619161,4220
1659631299,4220
1659678043,4238
1659679884,4238
1659692150,4220
1659710077,4233
1659714798,4228
1659788750,4220
1659796472,4233
1659799559,4228
1669405130,4228
1669415626,4239
1669421814,4220
1669428603,4220
1669433090,4232
1669443875,4228
1669445813,4228
1669453098,4220
1669462214,4238
1669468708,4230
1669470555,4241
1669473716,4238
1669475927,4238
1669529525,4238
1669529616,4238
1669554556,4238
1669556148,4228
1669563920,4228
1669567897,4239
1669590584,2536
1669606992,4230
1669615639,4238
1669631966,4238
1669642518,4230
1669657763,4238
1669665105,4228
1669672606,4238
1669678116,4233
1669678363,4241
1669712832,4238
1669718300,4233
1669729497,4238
1669762027,4233
1669763900,4239
1669770459,4228
1669785960,4238
1669786000,4228
1669861225,4238
1679502900,4239
1679504765,4239
1679511554,4238
1679515431,4233
1679521090,4233
1679534309,4228
1679534671,4228
1679539886,4228
1679546717,4228
1679557565,4239
1679558738,4239
1679568364,4228
1679570162,4233
1679571129,4233
1679574180,4241
1679576839,4233
1679580294,4228
1679585822,4238
1679620470,4233
1679620561,4238
1679644769,4239
1679657787,4238
1679663785,4228
1679665095,4232
1679667521,4239
1679667877,4239
1679672000,4238
1679689285,4239
1679693931,4238
1679703227,2796
1679714505,2796
1679787881,4220
1679794549,4238
1679804678,4228
1679827570,4238
1679832661,4239
1679832950,2536
1679836936,4233
1679890628,4239
1679909766,4228
1679931927,4228
1689079865,4230
1689101503,4220
1689616294,4228
1689617433,4228
1689623167,4238
1689647489,4228
1689653461,2536
1689656910,4228
1689662991,4233
1689671802,4239
1689677619,4230
1689686503,4238
1689694887,2796
1689764383,4238
1689784555,4220
1689820912,4220
1689835282,4238
1689841744,4238
1689852634,4233
1689858201,4233
1689875130,4228
1689891889,4220
1689919045,4233
1689960957,4228
1689974420,4228
1689978306,4238
1699012880,4239
1699062364,4239
1699088096,4233
1699099663,4238
1699149856,2796
1699171124,4238
1699171967,2796
1699194688,4238
1699705855,4241
1699710426,4228
1699722371,4238
1699734095,4239
1699734798,4232
1699737056,4228
1699752493,4228
1699756551,2796
1699756825,4238
1699760587,4228
1699767764,4228
1699770016,4239
1699772269,4233
1699773150,4233
1699773721,4238
1699775304,4238
1699781252,4238
1699792168,4238
1699822486,4238
1699824821,4238
1699834903,4239
1699859702,4238
1699859710,4228
1699859793,4238
1699861559,4228
1699862714,4238
1699887356,4238
1699907766,4233
1699930818,4238
1699947184,4238
1699947655,4238
1699950634,4228
1699959866,4239
1699963694,4238
1700029493,4228
1700045416,4241
1700055043,4238
1700080298,4238
1700105319,4238
1700123015,4238
1700162450,4233
1700213691,4220
1700231644,4233
1700259421,4238
1700267366,4228
1700802584,4238
1700802618,4232
1700810371,4239
1700813276,4232
1700813508,2796
1700818879,4228
1700823713,2796
1700825940,4233
1700827763,4233
1700839263,4233
1700845955,4220
1700846334,2796
1700856994,4233
1700860988,4238
1700871191,4220
1700872942,4233
1700889813,4230
1700892924,4228
1700933504,4238
1700933678,4238
1700959871,4228
1700973823,4238
1700978129,4238
1700982691,4238
1700984655,4238
1710008651,4228
1710025671,4238
1710032255,4228
1710034533,4238
1710058136,4220
1710074828,4239
1710074851,4238
1710086145,4238
1710086152,4238
1710095369,4228
1710097761,4228
1710100656,4233
1710115159,4238
1710118682,4228
1710150008,4238
1710177092,4238
1710177654,4238
1710184130,4228
1710207436,4228
1710212170,4220
1710216122,4238
1710345640,4228
1710394705,4233
1710914148,4233
1710926357,4228
1710932017,4232
1710932785,4238
1710934989,4239
1710939939,4228
1710943519,4228
1710951512,4238
1710955034,4220
1710966247,4241
1710967294,4233
1710968037,4228
1710970827,4228
1710975248,4228
1710982376,4228
1710984182,4239
1710986153,4228
1710988407,4228
1710998760,4238
1720020761,4220
1720029101,4239
1720032345,4228
1720034127,4239
1720036106,4238
1720053176,4228
1720059397,4241
1720070949,4220
1720077761,4228
1720077910,4232
1720079114,4228
1720079478,4239
1720081821,4230
1720084601,4238
1720087307,4228
1720089741,4228
1720129349,4228
1720134521,4228
1720144454,4233
1720146673,4238
1720148539,4238
1720158868,4228
1720159700,4238
1720162829,4238
1720171796,4238
1720175821,4238
1720175854,4238
1720181738,4228
1720186679,4238
1720189681,4238
1720203417,4238
1720221831,4238
1720233075,2796
1720241185,4233
1720241318,4239
1720245301,4228
1720280373,4238
1720282205,4238
1720284086,4238
1720286487,4228
1720289705,4238
1720289796,4238
1720303498,2796
1720317357,4228
1720318991,4228
1720326200,4220
1720332174,4238
1720339062,4238
1720340193,4228
1720344252,4238
1720344625,4238
1720372170,4238
1720381270,4228
1720385156,4230
1720405517,4238
1720418437,4238
1720493927,4239
1730102278,2796
1730111642,4228
1730113440,4239
1730114315,4239
1730115809,4238
1730126574,4228
1730134990,4239
1730145285,2796
1730145640,4233
1730152059,4238
1730156720,4228
1730169954,4228
1730176090,4233
1730180613,4233
1730181090,4228
1730189507,4238
1730224320,4228
1730236621,4228
1730241084,4241
1730251653,4238
1730276874,4238
1730292913,2796
1730295742,4238
1730320292,4228
1730322389,4232
1730352428,4238
1730354697,4238
1730392259,4228
1730416249,2796
1730427337,4233
1730429812,4238
1730442484,4228
1730474321,4233
1730478413,4238
1730483595,4238
1730490475,4228
1730503715,4228
1730597840,4239
1740214154,4238
1740216985,2796
1740235415,4232
1740241611,4228
1740243054,4230
1740252642,4228
1740257989,4228
1740258011,4220
1740262104,4233
1740266832,4233
1740271170,4233
1740271402,4233
1740275221,4233
1740276724,4220
1740279660,4233
1740285410,4233
1740288810,4241
1740301712,4228
1740311521,4239
1740326495,4239
1740337609,4238
1740337633,4228
1740366756,4238
1740372150,4238
1740377845,4238
1740377852,4238
1740384320,4230
1740385483,4239
1740449412,4238
1740470384,4238
1740484237,4239
1740531714,4228
1740571116,2796
1740633593,4233
1740649870,4228
1750300356,4233
1750309845,4239
1750320966,4232
1750322343,4228
1750324315,4220
1750327052,4232
1750329926,4238
1750338539,2536
1750354221,4228
1750366050,2796
1750368403,2796
1750376786,4233
1750379012,4233
1750380291,4233
1750382727,4232
1750384780,4230
1750389607,4241
1750390530,4228
1750394060,4238
1750410452,4228
1750415691,4239
1750444139,4239
1750465860,4238
1750480182,4238
1750494969,4220
1750524260,4228
1750524856,4230
1750524930,4238
1750528642,4228
1750555710,4228
1750562328,4238
1750565198,4238
1750567517,4228
1750570115,2796
1750584710,4228
1750608113,4230
1750616033,4228
1750621579,4220
1750631131,4238
1750666947,4238
1750673083,4228
1750687422,4241
1750692042,4228
1750701900,4233
1750750790,4220
1750750873,4238
1750771556,4228
1750771564,4233
1750796447,4228
1760405500,4241
1760414429,4239
1760425300,4228
1760425748,4239
1760450241,4241
1760451504,4232
1760452932,4232
1760460208,4239
1760461453,4238
1760470421,4232
1760473987,4228
1760475396,4233
1760478192,4228
1760484760,4228
1760524391,4232
1760539563,4238
1760551550,4238
1760579874,4238
1760591788,4232
1760643803,4238
1760655922,4238
1760660302,4238
1760672026,4233
1760705065,4238
1760749030,4238
1760762348,4228
1760773956,4238
1760832661,4220
1760894901,4230
1760932610,4238
1770028656,4220
1770036550,4238
1770514796,4238
1770515207,4238
1770518656,4233
1770519704,4233
1770520520,4238
1770521502,4233
1770521577,2796
1770525107,2796
1770538738,4228
1770539017,2536
1770554941,4232
1770557159,4238
1770567471,4238
1770578882,4232
1770579898,4232
1770582140,4233
1770586745,4230
1770594079,4220
1770596538,2796
1770625972,4233
1770634412,4228
1770639619,2796
1770640187,4233
1770644973,4239
1770652109,4220
1770670887,4238
1770670895,4238
1770682114,4238
1770711657,4238
1770725905,4238
1770745432,4238
1770750580,4238
1770760324,4238
1770774754,4228
1770783664,4238
1770811424,2796
1770827354,4238
1770828071,4233
1770842759,4233
1770863565,4228
1770882367,4241
1770958480,2796
1770979957,4238
1770986515,4238
1780002972,4228
1780013862,4228
1780023713,4233
1780045138,4233
1780095257,4238
1780628776,4228
1780629915,4228
1780662221,4228
1780667006,4239
1780676932,4233
1780681528,4233
1780683631,4233
1780685701,4238
1780685743,4241
1780687830,4230
1780731661,4228
1780740571,4238
1780750331,4230
1780753509,4220
1780764779,4238
1780768887,4238
1780768895,4238
1780776104,4238
1780778969,4233
1780804336,4238
1780812289,4238
1780819375,2796
1780832899,4239
1780839209,4238
1780848010,4228
1780848226,4220
1780866335,4238
1780919639,4238
1780921767,4238
1780936583,4228
1780944405,4233
1780965731,4239
1780969923,4230
1780989491,4238
1780994459,4238
1780996546,4228
1790069938,4238
1790071173,4230
1790074540,4238
1790075505,4228
1790078178,4238
1790103398,4228
1790160281,4228
1790163061,4228
1790192797,4228
1790237709,4228
1790702363,2796
1790705838,4238
1790708097,4241
1790710374,4228
1790723013,4233
1790729887,4233
1790730448,4228
1790735454,4239
1790736650,4228
1790736759,4238
1790738839,2796
1790753259,4241
1790757078,4238
1790757755,4241
1790757821,4228
1790758514,2796
1790762219,4228
1790766319,4228
1790766590,2796
1790770378,4239
1790776672,4228
1790786887,4233
1790797595,4238
1790833267,4228
1790850600,4238
1790865756,4238
1790869808,4238
1790872810,4238
1790872828,4238
1790873339,4228
1790881829,4220
1790884138,4238
1790891315,4239
1790899078,4228
1790906360,2796
1790909257,2796
1790949485,4228
1790958593,4233
1790969046,4238
1801007596,2796
1801016100,4238
1801017116,4228
1801030523,4228
1801033311,4230
1801048343,4238
1801068010,4220
1801086665,4238
1801095575,2796
1801114079,4238
1801116850,2536
1801186242,4238
1801189329,4238
1801192588,4228
1801194691,4239
1801249065,4238
1801263199,4230
1801272257,4239
1801278221,4228
1801820519,4228
1801821343,4238
1801829114,4228
1801849062,4220
1801866199,4239
1801866686,4238
1801874482,4238
1801878905,4228
1801880737,4228
1801888060,4233
1801888680,4228
1801894142,4228
1801894431,4239
1801943600,4228
1801955596,4232
1801973490,4228
1801975123,4233
1801983945,4238
1801988217,4238
1801993563,4220
1801994751,4238
1801995238,4238
1801995246,4238
1801996012,4233
1811007974,4238
1811044704,4238
1811044787,4228
1811071780,4238
1811071921,4238
1811077712,4228
1811084916,4232
1811089238,4238
1811095763,4238
1811104003,4239
1811138621,4228
1811158942,2796
1811200033,4230
1811207517,4238
1811208663,4238
1811258213,4233
1811258619,4238
1811282056,4238
1811287204,4230
1811307036,4239
1811315716,4238
1811325012,4228
1811372717,4233
1811393788,4239
1811395643,4238
1811900095,4220
1811905409,4241
1811911449,4233
1811924376,4238
1811928385,4238
1811935612,2536
1811935711,4233
1811984750,4233
1811985815,2796
1811991680,4233
1811996317,4228
1821009721,4220
1821046459,4228
1821053703,4239
1821057076,4220
1821060435,4238
1821060526,4228
1821068040,4220
1821069501,4239
1821083973,4228
1821085135,4239
1821095738,4228
1821101411,4238
1821109893,4238
1821110933,4238
1821145624,4228
1821172735,4238
1821172933,4238
1821173840,4220
1821180241,4238
1821180258,4238
1821185935,4238
1821185968,4238
1821198029,4220
1821206962,4228
1821218561,4238
1821256751,4232
1821257049,4230
1821257502,4220
1821269465,4228
1821281361,4238
1821284654,4228
1821302597,4238
1821309873,4238
1821327917,4228
1821328097,4230
1821329657,4238
1821332933,4238
1821357682,4238
1821388968,4238
1821427808,4233
1831101708,4238
1831117357,4238
1831121011,4238
1831122860,2796
1831123488,4239
1831130194,4228
1831139799,4233
1831143460,2796
1831149152,4233
1831153147,4239
1831156140,4233
1831164268,4233
1831169069,4230
1831172618,4238
1831179951,4220
1831181957,4220
1831186188,2536
1831192087,4238
1831196906,4220
1831247279,4228
1831269406,2796
1831277755,4239
1831281245,4232
1831287630,2796
1831289255,4233
1831298264,4238
1831324649,4238
1831345669,4220
1831435817,4233
1831489863,4238
1831496686,4238
1831510296,4233
1831561240,4228
1831591627,4238
1831594183,4228
1841201886,4232
1841215514,4232
1841219938,4228
1841220563,4238
1841225661,2796
1841226792,2796
1841233483,2536
1841237450,4233
1841255346,4228
1841266582,4228
1841274404,4228
1841278157,2536
1841278777,4239
1841295672,4220
1841331279,4233
1841347648,4238
1841347705,4238
1841347721,4238
1841358363,4228
1841360930,2796
1841387941,4233
1841387974,4238
1841403482,4238
1841406063,4233
1841418860,4233
1841433406,4238
1841483385,4238
1841487469,4232
1841491206,4220
1841498011,4238
1841539186,2796
1841553617,4238
1841562345,2796
1841572922,4228
1841581410,4239
1841581741,4239
1841625423,4228
1841694346,4233
1841748423,4233
1851303788,4238
1851318562,4238
1851329445,4232
1851336036,4232
1851339634,4232
1851345755,4228
1851352009,4228
1851354104,2796
1851362628,2796
1851382279,4233
1851382568,4232
1851382618,4232
1851384747,4220
1851392419,4228
1851398077,4228
1851431183,4241
1851443063,4238
1851445035,4238
1851459226,4238
1851474092,4228
1851475966,4238
1851478747,4228
1851483267,4238
1851483275,4238
1851488985,4238
1851490288,4238
1851520993,4233
1851530588,4238
1851538748,4233
1851540223,4232
1851549240,4232
1851554836,4228
1851563019,4239
1851592836,4238
1851607063,4238
1851612568,4238
1851617021,4238
1851618516,4233
1851648224,4238
1851677157,4220
1851679641,4238
1851682348,4238
1851688865,4228
1851697361,4238
1851712715,4228
1851713267,4238
1851768592,4228
1851795355,4233
1851835300,4238
1851848410,4238
1861405409,2796
1861417644,4239
1861420101,4232
1861429854,4238
1861430621,4233
1861437063,4239
1861445934,4220
1861452138,4228
1861452195,4241
1861455040,4239
1861462210,4232
1861464430,4228
1861478026,4220
1861479545,4220
1861482259,4228
1861485039,4239
1861488777,4233
1861541351,4239
1861549727,4239
1861560492,4233
1861576977,4238
1861589970,4233
1861589988,4238
1861591208,4238
1861609331,4228
1861639031,4220
1861639742,4241
1861655987,4238
1861668907,4228
1861683781,4220
1861728909,4241
1861741712,4228
1861782831,4238
1861881468,4233
1861889305,4228
1861890659,4238
1861899304,2796
1871029587,4238
1871521922,4232
1871529982,4220
1871530832,4230
1871532333,4230
1871539502,4228
1871544924,4238
1871548818,4228
1871559278,4239
1871565457,4239
1871565465,4239
1871574764,4238
1871577445,4238
1871579409,4239
1871584532,4233
1871589473,4241
1871590810,4228
1871597435,2796
1871614370,4228
1871634204,4238
1871634295,4238
1871640755,4238
1871644781,4232
1871677971,4238
1871677989,4238
1871680983,4238
1871680991,4238
1871685297,4238
1871685743,4233
1871696096,4239
1871730812,4228
1871730945,4233
1871733725,4220
1871754515,4220
1871762096,4228
1871770123,4228
1871792838,4238
1871796466,4238
1871797019,2796
1871859819,4239
1871898502,4238
1871899096,4238
1871917898,4238
1871937326,4233
1881009769,4238
1881037240,4238
1881041846,4228
1881619609,2536
1881623668,4238
1881624450,2796
1881626778,2796
1881638179,4233
1881638971,4233
1881639136,4233
1881644763,4241
1881646073,4241
1881647741,2796
1881673093,4228
1881679850,4239
1881682532,4238
1881690766,4238
1881691749,4230
1881691780,4228
1881732238,4238
1881734119,4239
1881739068,4238
1881781904,4238
1881781912,4241
1881781995,4238
1881795847,4233
1881803492,4239
1881836856,4228
1881851483,4220
1881856078,2796
1881899318,4228
1881933430,4238
1881934610,4230
1881950715,4238
1881991206,4233
1891005856,4228
1891011896,4238
1891012696,4228
1891016788,4238
1891043956,4238
1891054144,4233
1891065777,4228
1891112199,4228
1891114443,4238
1891132767,2536
1891152138,4238
1891192787,4230
1891198578,4239
1891708012,4220
1891725479,4230
1891726303,4239
1891726709,4239
1891733671,4228
1891736872,4238
1891738225,4232
1891741435,4239
1891742904,4228
1891763330,4241
1891765970,4233
1891767794,4239
1891768222,2796
1891773057,4220
1891780896,4239
1891782454,4232
1891788840,4220
1891791109,4233
1891792602,4238
1891794566,4238
1891813838,4238
1891836920,4228
1891842779,4238
1891842787,4238
1891843975,4238
1891848735,4220
1891861506,4239
1891879904,4238
1891882908,4238
1891882999,4238
1891887204,4238
1891887212,4238
1891887220,4238
1891887659,4220
1891927208,4238
1891929196,4220
1891950168,4238
1891951570,4238
1891960779,4238
1891963591,4233
1891996872,4238
1902002538,4238
1902004005,4233
1902007107,4228
1902013410,4228
1902015019,4239
1902031610,4228
1902035371,4220
1902049893,4238
1902062391,2796
1902075500,2796
1902078249,4233
1902099443,4228
1902145972,4238
1902149123,4230
1902162431,4233
1902165210,4228
1902192008,4238
1902196165,4220
1902202682,4238
1902224041,2796
1902240856,4238
1902295983,4241
1902340599,4238
1902802523,4238
1902809098,4228
1902812571,4228
1902823099,4239
1902823859,4228
1902833940,2796
1902836307,4233
1902838188,4238
1902840044,4239
1902842412,4228
1902844954,4228
1902845118,4233
1902853856,2796
1902858574,4239
1902899677,4228
1902953706,4233
1902953870,4238
1902954779,4238
1902991177,4230
1902993009,4238
1902998321,4238
1912016650,4238
1912027491,4233
1912060468,4220
1912060906,4238
1912094020,4238
1912094038,4233
1912099326,4238
1912099334,4238
1912099342,4238
1912101494,4228
1912115197,2796
1912138439,4238
1912156696,4241
1912166752,4220
1912170226,4233
1912171539,4230
1912180282,4238
1912198649,4238
1912219296,4220
1912223926,4238
1912237041,4238
1912245515,4232
1912279852,4228
1912283482,4228
1912290859,4228
1912325150,2796
1912356536,2796
1912910142,4228
1912914862,4238
1912939406,4239
1912947318,4233
1912953555,4233
1912954231,4233
1912956921,4233
1912959537,4238
1912970021,4233
1912975988,4228
1912977430,4228
1912979501,4239
1912982513,4228
1912984758,4228
1912989989,4241
1922045137,4233
1922048883,4228
1922070713,4233
1922074723,4238
1922079771,4241
1922084102,4239
1922091180,4220
1922092535,4228
1922095231,4233
1922107358,4238
1922155811,4238
1922182039,4238
1922195056,4238
1922209907,4238
1922241041,4238
1922241959,4228
1922251982,4238
1922271584,4238
1922278126,2796
1922280692,4230
1922285337,4233
1922296144,4238
1922297019,4220
1922319037,4241
1922325901,4228
1922338110,4233
1922366442,4239
1922390426,4233
1922394840,4228
1922424761,4228
1922427301,4238
1922451368,4228
1932102001,4233
1932102670,4230
1932104528,4233
1932128782,4233
1932139474,4232
1932140951,4220
1932144367,4220
1932146032,4228
1932179389,4228
1932179876,4233
1932180007,4238
1932180841,4232
1932183779,4228
1932185766,4238
1932188554,4220
1932190360,4228
1932194966,4228
1932196946,4241
1932205150,2796
1932208360,4238
1932236247,4233
1932274503,4228
1932279429,4239
1932283041,4238
1932296035,4238
1932296043,4238
1932321395,4238
1932331550,4233
1932336393,4220
1932372505,4233
1932374485,4238
1932375565,4238
1932381795,4238
1932395480,4238
1932439957,4228
1932442274,4238
1932477171,4232
1942201934,4232
1942203120,4233
1942203849,4232
1942203963,4233
1942210877,4238
1942226519,4233
1942245683,4238
1942248414,4228
1942249206,4239
1942250964,4238
1942252952,4228
1942254883,4233
1942255575,4241
1942265400,4228
1942268693,4238
1942273487,4233
1942276829,4241
1942284658,4228
1942288923,4238
1942290333,4239
1942295035,4228
1942299359,2796
1942305461,4230
1942309372,4238
1942314075,4241
1942321260,4220
1942327648,4238
1942347513,4232
1942348081,4238
1942355748,4238
1942357801,4238
1942357819,4238
1942361373,4238
1942364948,4238
1942373667,4239
1942384821,4238
1942397054,4238
1942404728,4228
1942408851,2796
1942412358,2796
1942428628,4220
1942429816,4233
1942478433,4220
1942483300,4238
1942485271,4238
1942493291,4238
1942524996,4238
1942526231,4228
1942526447,4228
1942529334,2796
1942606652,4233
1942620232,2796
1942642152,4239
1942660147,4228
1942752035,4228
1952304966,4230
1952304990,4232
1952307233,4233
1952315475,4238
1952332884,4232
1952338758,4239
1952345001,4233
1952353054,4228
1952353674,4220
1952358541,4228
1952386393,2796
1952386401,4239
1952388977,4228
1952392797,4238
1952396384,4220
1952400392,4238
1952404402,2796
1952415499,4228
1952424095,2796
1952456527,2796
1952458846,4238
1952466989,4220
1952473431,4228
1952485062,4238
1952493363,4238
1952493371,4238
1952512865,4233
1952516973,4238
1952542698,4238
1952545345,4238
1952561474,4233
1952569345,4232
1952590317,4232
1952620320,4238
1952629867,4228
1952689135,4238
1952701039,2796
1952702151,4233
1952702250,4238
1952716169,4228
1952737439,4238
1952770760,2796
1952771941,4232
1952796724,4228
1952838245,4238
1962402560,4238
1962403378,4241
1962409433,4238
1962409821,4228
1962418913,4238
1962427153,4239
1962439224,4233
1962446757,4230
1962450973,4232
1962457069,4238
1962470567,4220
1962480467,4228
1962481614,4220
1962490359,2796
1962493676,2796
1962497081,4220
1962497867,4228
1962499582,4228
1962515023,4220
1962594382,4238
1962596734,4238
1962599084,4238
1962606939,4238
1962632968,4220
1962636068,4239
1962644658,4238
1962645259,4228
1962652487,2536
1962656322,4220
1962664680,2796
1962768663,4238
1962820860,4238
1962841957,2796
1962865311,4228
1972500361,4228
1972504405,4241
1972505105,4238
1972506145,4239
1972526119,4232
1972538486,4233
1972540557,4228
1972547891,4239
1972548220,4233
1972549533,4239
1972581775,4233
1972582096,4233
1972584514,4220
1972585123,2796
1972591923,4228
1972594638,4228
1972616407,4238
1972650786,4239
1972650851,4238
1972657609,4238
1972658060,4228
1972670552,4241
1972674968,4228
1972687077,4238
1972690006,4238
1972690089,4238
1972708667,4220
1972718104,4233
1972722288,4228
1972723104,4239
1972749174,2796
1972764546,4228
1972788032,4228
1972805414,4238
1972862654,4238
1972867398,4238
1972900397,4238
1972904035,4228
1982000162,4241
1982606943,4233
1982614814,4233
1982633376,4232
1982642716,2796
1982644886,4233
1982650024,4228
1982656609,4220
1982657276,4233
1982660437,4228
1982661617,2796
1982689279,4232
1982703328,4232
1982724076,4239
1982751707,4238
1982751772,4233
1982751863,4238
1982753968,4238
1982758553,4238
1982761136,4239
1982764924,4232
1982774592,4239
1982796306,4238
1982797916,4238
1982815924,4238
1982836672,4239
1982874582,4220
1982900437,2796
1982903753,4233
1982909669,4238
1982914156,4238
1982920252,4228
1982921383,4238
1982922878,4238
1982930301,4228
1982943528,4228
1982973830,4232
1982993572,4220
1992030407,4233
1992040646,4238
1992057509,4238
1992064935,4239
1992070452,4228
1992092605,4238
1992134357,4233
1992149819,4228
1992150940,4239
1992152227,4233
1992194468,4238
1992700736,4238
1992703698,4233
1992705081,4233
1992708911,4230
1992734792,4238
1992744676,4228
1992750442,2796
1992758981,4228
1992770929,4239
1992776405,4228
1992790091,4228
1992792576,4228
1992797658,2796
1992803498,2796
1992805220,4239
1992840813,4228
1992852792,4238
1992875892,4233
1992892574,4238
1992897300,4238
1992897326,4238
1992902738,4238
1992904049,4238
1992941264,4230
1992949465,4238
1992950166,4228
1992956114,4239
1992960298,4233
1992961841,4232
1992978845,4228
1992985949,4228
1992987085,4238